residue_1	aa_1	classification_1	residue_2	aa_2	classification_2	minimum_heavy_atom_distance_A	within_6A	within_8A	within_10A	within_12A
113	A	macaque_shared_difference	121	E	pigtail_specific_difference	4.810	yes	yes	yes	yes
113	A	macaque_shared_difference	148	T	macaque_shared_difference	23.166	no	no	no	no
113	A	macaque_shared_difference	171	P	macaque_shared_difference	25.353	no	no	no	no
113	A	macaque_shared_difference	176	G	pigtail_specific_difference	29.906	no	no	no	no
113	A	macaque_shared_difference	202	D	pigtail_specific_difference	44.516	no	no	no	no
113	A	macaque_shared_difference	206	L	pigtail_specific_difference	41.382	no	no	no	no
113	A	macaque_shared_difference	213	V	pigtail_specific_difference	31.499	no	no	no	no
113	A	macaque_shared_difference	214	N	pigtail_specific_difference	31.504	no	no	no	no
113	A	macaque_shared_difference	217	K	pigtail_specific_difference	35.990	no	no	no	no
113	A	macaque_shared_difference	219	A	pigtail_specific_difference	36.164	no	no	no	no
113	A	macaque_shared_difference	220	Q	pigtail_specific_difference	36.364	no	no	no	no
113	A	macaque_shared_difference	224	S	pigtail_specific_difference	31.201	no	no	no	no
113	A	macaque_shared_difference	225	I	human_pigtail_shared_difference	27.673	no	no	no	no
121	E	pigtail_specific_difference	148	T	macaque_shared_difference	14.202	no	no	no	no
121	E	pigtail_specific_difference	171	P	macaque_shared_difference	19.660	no	no	no	no
121	E	pigtail_specific_difference	176	G	pigtail_specific_difference	21.584	no	no	no	no
121	E	pigtail_specific_difference	202	D	pigtail_specific_difference	36.709	no	no	no	no
121	E	pigtail_specific_difference	206	L	pigtail_specific_difference	33.416	no	no	no	no
121	E	pigtail_specific_difference	213	V	pigtail_specific_difference	25.112	no	no	no	no
121	E	pigtail_specific_difference	214	N	pigtail_specific_difference	25.143	no	no	no	no
121	E	pigtail_specific_difference	217	K	pigtail_specific_difference	28.842	no	no	no	no
121	E	pigtail_specific_difference	219	A	pigtail_specific_difference	28.813	no	no	no	no
121	E	pigtail_specific_difference	220	Q	pigtail_specific_difference	28.804	no	no	no	no
121	E	pigtail_specific_difference	224	S	pigtail_specific_difference	24.295	no	no	no	no
121	E	pigtail_specific_difference	225	I	human_pigtail_shared_difference	20.593	no	no	no	no
148	T	macaque_shared_difference	171	P	macaque_shared_difference	19.905	no	no	no	no
148	T	macaque_shared_difference	176	G	pigtail_specific_difference	10.382	no	no	no	yes
148	T	macaque_shared_difference	202	D	pigtail_specific_difference	24.026	no	no	no	no
148	T	macaque_shared_difference	206	L	pigtail_specific_difference	20.356	no	no	no	no
148	T	macaque_shared_difference	213	V	pigtail_specific_difference	22.497	no	no	no	no
148	T	macaque_shared_difference	214	N	pigtail_specific_difference	23.272	no	no	no	no
148	T	macaque_shared_difference	217	K	pigtail_specific_difference	19.529	no	no	no	no
148	T	macaque_shared_difference	219	A	pigtail_specific_difference	19.030	no	no	no	no
148	T	macaque_shared_difference	220	Q	pigtail_specific_difference	17.428	no	no	no	no
148	T	macaque_shared_difference	224	S	pigtail_specific_difference	16.319	no	no	no	no
148	T	macaque_shared_difference	225	I	human_pigtail_shared_difference	13.434	no	no	no	no
171	P	macaque_shared_difference	176	G	pigtail_specific_difference	13.655	no	no	no	no
171	P	macaque_shared_difference	202	D	pigtail_specific_difference	19.581	no	no	no	no
171	P	macaque_shared_difference	206	L	pigtail_specific_difference	15.902	no	no	no	no
171	P	macaque_shared_difference	213	V	pigtail_specific_difference	2.922	yes	yes	yes	yes
171	P	macaque_shared_difference	214	N	pigtail_specific_difference	4.999	yes	yes	yes	yes
171	P	macaque_shared_difference	217	K	pigtail_specific_difference	9.441	no	no	yes	yes
171	P	macaque_shared_difference	219	A	pigtail_specific_difference	11.783	no	no	no	yes
171	P	macaque_shared_difference	220	Q	pigtail_specific_difference	14.579	no	no	no	no
171	P	macaque_shared_difference	224	S	pigtail_specific_difference	11.650	no	no	no	yes
171	P	macaque_shared_difference	225	I	human_pigtail_shared_difference	7.808	no	yes	yes	yes
176	G	pigtail_specific_difference	202	D	pigtail_specific_difference	15.103	no	no	no	no
176	G	pigtail_specific_difference	206	L	pigtail_specific_difference	12.539	no	no	no	no
176	G	pigtail_specific_difference	213	V	pigtail_specific_difference	14.335	no	no	no	no
176	G	pigtail_specific_difference	214	N	pigtail_specific_difference	14.524	no	no	no	no
176	G	pigtail_specific_difference	217	K	pigtail_specific_difference	9.644	no	no	yes	yes
176	G	pigtail_specific_difference	219	A	pigtail_specific_difference	11.385	no	no	no	yes
176	G	pigtail_specific_difference	220	Q	pigtail_specific_difference	12.386	no	no	no	no
176	G	pigtail_specific_difference	224	S	pigtail_specific_difference	13.942	no	no	no	no
176	G	pigtail_specific_difference	225	I	human_pigtail_shared_difference	11.195	no	no	no	yes
202	D	pigtail_specific_difference	206	L	pigtail_specific_difference	3.215	yes	yes	yes	yes
202	D	pigtail_specific_difference	213	V	pigtail_specific_difference	18.386	no	no	no	no
202	D	pigtail_specific_difference	214	N	pigtail_specific_difference	18.045	no	no	no	no
202	D	pigtail_specific_difference	217	K	pigtail_specific_difference	8.865	no	no	yes	yes
202	D	pigtail_specific_difference	219	A	pigtail_specific_difference	6.800	no	yes	yes	yes
202	D	pigtail_specific_difference	220	Q	pigtail_specific_difference	8.332	no	no	yes	yes
202	D	pigtail_specific_difference	224	S	pigtail_specific_difference	15.927	no	no	no	no
202	D	pigtail_specific_difference	225	I	human_pigtail_shared_difference	13.510	no	no	no	no
206	L	pigtail_specific_difference	213	V	pigtail_specific_difference	14.900	no	no	no	no
206	L	pigtail_specific_difference	214	N	pigtail_specific_difference	16.116	no	no	no	no
206	L	pigtail_specific_difference	217	K	pigtail_specific_difference	6.254	no	yes	yes	yes
206	L	pigtail_specific_difference	219	A	pigtail_specific_difference	3.106	yes	yes	yes	yes
206	L	pigtail_specific_difference	220	Q	pigtail_specific_difference	3.600	yes	yes	yes	yes
206	L	pigtail_specific_difference	224	S	pigtail_specific_difference	10.766	no	no	no	yes
206	L	pigtail_specific_difference	225	I	human_pigtail_shared_difference	9.232	no	no	yes	yes
213	V	pigtail_specific_difference	214	N	pigtail_specific_difference	1.329	yes	yes	yes	yes
213	V	pigtail_specific_difference	217	K	pigtail_specific_difference	7.844	no	yes	yes	yes
213	V	pigtail_specific_difference	219	A	pigtail_specific_difference	11.638	no	no	no	yes
213	V	pigtail_specific_difference	220	Q	pigtail_specific_difference	14.487	no	no	no	no
213	V	pigtail_specific_difference	224	S	pigtail_specific_difference	13.733	no	no	no	no
213	V	pigtail_specific_difference	225	I	human_pigtail_shared_difference	9.826	no	no	yes	yes
214	N	pigtail_specific_difference	217	K	pigtail_specific_difference	7.711	no	yes	yes	yes
214	N	pigtail_specific_difference	219	A	pigtail_specific_difference	13.707	no	no	no	no
214	N	pigtail_specific_difference	220	Q	pigtail_specific_difference	16.624	no	no	no	no
214	N	pigtail_specific_difference	224	S	pigtail_specific_difference	16.466	no	no	no	no
214	N	pigtail_specific_difference	225	I	human_pigtail_shared_difference	12.296	no	no	no	no
217	K	pigtail_specific_difference	219	A	pigtail_specific_difference	3.967	yes	yes	yes	yes
217	K	pigtail_specific_difference	220	Q	pigtail_specific_difference	7.437	no	yes	yes	yes
217	K	pigtail_specific_difference	224	S	pigtail_specific_difference	10.662	no	no	no	yes
217	K	pigtail_specific_difference	225	I	human_pigtail_shared_difference	7.633	no	yes	yes	yes
219	A	pigtail_specific_difference	220	Q	pigtail_specific_difference	1.328	yes	yes	yes	yes
219	A	pigtail_specific_difference	224	S	pigtail_specific_difference	8.100	no	no	yes	yes
219	A	pigtail_specific_difference	225	I	human_pigtail_shared_difference	4.278	yes	yes	yes	yes
220	Q	pigtail_specific_difference	224	S	pigtail_specific_difference	5.596	yes	yes	yes	yes
220	Q	pigtail_specific_difference	225	I	human_pigtail_shared_difference	5.254	yes	yes	yes	yes
224	S	pigtail_specific_difference	225	I	human_pigtail_shared_difference	1.327	yes	yes	yes	yes
