alignment_column	human_NKG2A_residue	human_NKG2A_aa	human_NKG2C_residue	human_NKG2C_aa	human_NKG2A_vs_NKG2C_diff	rhesus_NKG2A_residue	rhesus_NKG2A_aa	rhesus_NKG2C1_residue	rhesus_NKG2C1_aa	rhesus_NKG2C2_residue	rhesus_NKG2C2_aa	rhesus_NKG2A_vs_NKG2C1_diff	rhesus_NKG2A_vs_NKG2C2_diff	rhesus_both_NKG2C_isoforms_discriminated	pigtail_NKG2A_residue	pigtail_NKG2A_aa	pigtail_NKG2C_residue	pigtail_NKG2C_aa	pigtail_NKG2A_vs_NKG2C_diff	pan_species_NKG2A_vs_NKG2C_discrimination	macaque_NKG2A_vs_NKG2C_discrimination	NKG2A_state_conserved_human_rhesus_pigtail	NKG2A_state_conserved_rhesus_pigtail	original_classification	original_sequence_priority	coordinate_present	complex_rsa	complex_exposure_class	isolated_nkg2a_rsa	buried_surface_area_A2	contact_CD94	contact_HLA_E	contact_B2M	contact_peptide	any_interface_contact	exposed_non_interface	human_NKG2A_direct_NXS_T_sequon	modeled_glycan_status	nearest_modeled_glycan_distance_A	integrated_priority	priority_rationale
3	95	S		-	yes	95	S		-		-	yes	yes	yes	95	S		-	yes	yes	yes	yes	yes	pan_species_NKG2A_vs_NKG2C_difference	high_sequence_interest	no					no	no	no	no	no	no	no	not_evaluated		unresolved_structurally	candidate lacks mapped coordinates in 3CDG
4	96	T		-	yes	96	T		-		-	yes	yes	yes	96	T		-	yes	yes	yes	yes	yes	pan_species_NKG2A_vs_NKG2C_difference	high_sequence_interest	no					no	no	no	no	no	no	no	not_evaluated		unresolved_structurally	candidate lacks mapped coordinates in 3CDG
5	97	L		-	yes	97	L		-		-	yes	yes	yes	97	L		-	yes	yes	yes	yes	yes	pan_species_NKG2A_vs_NKG2C_difference	high_sequence_interest	no					no	no	no	no	no	no	no	not_evaluated		unresolved_structurally	candidate lacks mapped coordinates in 3CDG
6	98	I	96	F	yes	98	T	96	F	96	F	yes	yes	yes	98	T	96	F	yes	yes	yes	no	yes	pan_species_NKG2A_vs_NKG2C_difference	high_sequence_interest	no					no	no	no	no	no	no	no	not_evaluated		unresolved_structurally	candidate lacks mapped coordinates in 3CDG
7	99	Q	97	L	yes	99	Q	97	L	97	L	yes	yes	yes	99	Q	97	L	yes	yes	yes	yes	yes	pan_species_NKG2A_vs_NKG2C_difference	high_sequence_interest	no					no	no	no	no	no	no	no	not_evaluated		unresolved_structurally	candidate lacks mapped coordinates in 3CDG
8	100	R	98	E	yes	100	K	98	E	98	E	yes	yes	yes	100	K	98	E	yes	yes	yes	no	yes	pan_species_NKG2A_vs_NKG2C_difference	high_sequence_interest	no					no	no	no	no	no	no	no	not_evaluated		unresolved_structurally	candidate lacks mapped coordinates in 3CDG
9	101	H	99	Q	yes	101	H	99	Q	99	Q	yes	yes	yes	101	H	99	Q	yes	yes	yes	yes	yes	pan_species_NKG2A_vs_NKG2C_difference	high_sequence_interest	no					no	no	no	no	no	no	no	not_evaluated		unresolved_structurally	candidate lacks mapped coordinates in 3CDG
13	105	S	103	S	no	105	S	103	F	103	S	yes	no	no	105	S	103	F	yes	no	no	yes	yes	rhesus_isoform_dependent_difference	caution_rhesus_isoform_variability	no					no	no	no	no	no	no	no	not_evaluated		unresolved_structurally	candidate lacks mapped coordinates in 3CDG
14	106	L	104	P	yes	106	L	104	P	104	P	yes	yes	yes	106	L	104	P	yes	yes	yes	yes	yes	pan_species_NKG2A_vs_NKG2C_difference	high_sequence_interest	no					no	no	no	no	no	no	no	not_evaluated		unresolved_structurally	candidate lacks mapped coordinates in 3CDG
18	110	T	108	T	no	110	T	108	T	108	T	no	no	no	110	S	108	T	yes	no	no	no	no	pigtail_specific_difference	pigtail_specific_interest	no					no	no	no	no	no	no	no	not_evaluated		unresolved_structurally	candidate lacks mapped coordinates in 3CDG
21	113	A	111	A	no	113	A	111	V	111	V	yes	yes	yes	113	A	111	V	yes	no	yes	yes	yes	macaque_shared_difference	high_macaque_interest	yes	1.0762	exposed	1.0856	1.208	no	no	no	no	no	yes	no	not_assessable_no_modeled_glycans		high_macaque_candidate	shared macaque NKG2A state discriminates rhesus and pigtail NKG2C and is exposed/non-interface
29	121	E	119	E	no	121	E	119	E	119	E	no	no	no	121	K	119	E	yes	no	no	no	no	pigtail_specific_difference	pigtail_specific_interest	yes	0.4650	exposed	0.4890	5.357	no	no	no	no	no	yes	no	not_assessable_no_modeled_glycans		pigtail_specific_candidate	pigtail NKG2A differs from pigtail NKG2C and is exposed/non-interface
56	148	T	146	T	no	148	A	146	T	146	T	yes	yes	yes	148	T	146	A	yes	no	yes	no	no	macaque_shared_difference	moderate_macaque_interest	yes	0.4741	exposed	0.4741	0.000	no	no	no	no	no	yes	no	not_assessable_no_modeled_glycans		pigtail_specific_candidate	pigtail NKG2A differs from pigtail NKG2C and is exposed/non-interface
79	171	P	169	P	no	171	T	169	S	169	S	yes	yes	yes	171	S	169	P	yes	no	yes	no	no	macaque_shared_difference	moderate_macaque_interest	yes	0.1427	partially_exposed	0.5605	66.420	yes	yes	no	yes	yes	no	no	not_assessable_no_modeled_glycans		low_structural_priority	NKG2A-vs-NKG2C candidate is not exposed in 3CDG
84	176	G	174	G	no	176	D	174	D	174	D	no	no	no	176	D	174	G	yes	no	no	no	yes	pigtail_specific_difference	pigtail_specific_interest	yes	0.0850	buried	0.0850	0.000	no	no	no	no	no	no	no	not_assessable_no_modeled_glycans		low_structural_priority	NKG2A-vs-NKG2C candidate is not exposed in 3CDG
110	202	D	200	D	no	202	D	200	D	200	D	no	no	no	202	G	200	D	yes	no	no	no	no	pigtail_specific_difference	pigtail_specific_interest	yes	0.2486	partially_exposed	0.2486	0.000	no	no	no	no	no	no	no	not_assessable_no_modeled_glycans		low_structural_priority	NKG2A-vs-NKG2C candidate is not exposed in 3CDG
114	206	L	204	L	no	206	H	204	H	204	H	no	no	no	206	R	204	H	yes	no	no	no	no	pigtail_specific_difference	pigtail_specific_interest	yes	0.1802	partially_exposed	0.1802	0.000	no	no	no	no	no	no	no	not_assessable_no_modeled_glycans		low_structural_priority	NKG2A-vs-NKG2C candidate is not exposed in 3CDG
121	213	V	211	V	no	213	V	211	V	211	V	no	no	no	213	V	211	A	yes	no	no	yes	yes	pigtail_specific_difference	pigtail_specific_interest	yes	0.5034	exposed	0.6561	26.568	no	no	no	no	no	yes	no	not_assessable_no_modeled_glycans		pigtail_specific_candidate	pigtail NKG2A differs from pigtail NKG2C and is exposed/non-interface
122	214	N	212	N	no	214	R	212	R	212	R	no	no	no	214	R	212	H	yes	no	no	no	yes	pigtail_specific_difference	pigtail_specific_interest	yes	0.2750	exposed	0.2750	0.000	no	no	no	no	no	yes	no	not_assessable_no_modeled_glycans		pigtail_specific_candidate	pigtail NKG2A differs from pigtail NKG2C and is exposed/non-interface
125	217	K	215	K	no	217	F	215	F	215	F	no	no	no	217	F	215	K	yes	no	no	no	yes	pigtail_specific_difference	pigtail_specific_interest	yes	0.1463	partially_exposed	0.2962	35.384	no	yes	no	no	yes	no	no	not_assessable_no_modeled_glycans		low_structural_priority	NKG2A-vs-NKG2C candidate is not exposed in 3CDG
127	219	A	217	A	no	219	D	217	D	217	D	no	no	no	219	D	217	N	yes	no	no	no	yes	pigtail_specific_difference	pigtail_specific_interest	yes	0.1123	partially_exposed	0.1123	0.000	no	no	no	no	no	no	no	not_assessable_no_modeled_glycans		low_structural_priority	NKG2A-vs-NKG2C candidate is not exposed in 3CDG
128	220	Q	218	Q	no	220	E	218	E	218	E	no	no	no	220	E	218	Q	yes	no	no	no	yes	pigtail_specific_difference	pigtail_specific_interest	yes	0.3011	exposed	0.3011	0.000	no	no	no	no	no	yes	no	not_assessable_no_modeled_glycans		pigtail_specific_candidate	pigtail NKG2A differs from pigtail NKG2C and is exposed/non-interface
132	224	S	222	S	no	224	S	222	S	222	S	no	no	no	224	S	222	T	yes	no	no	yes	yes	pigtail_specific_difference	pigtail_specific_interest	yes	0.2812	exposed	0.3909	17.000	no	yes	no	no	yes	no	no	not_assessable_no_modeled_glycans		interface_candidate	NKG2A-vs-NKG2C candidate is exposed but participates in a measured receptor/ligand interface
133	225	I	223	M	yes	225	K	223	K	223	K	no	no	no	225	K	223	V	yes	no	no	no	yes	human_pigtail_shared_difference	pigtail_specific_interest	yes	0.0981	buried	0.1042	1.208	no	no	no	no	no	no	no	not_assessable_no_modeled_glycans		low_structural_priority	NKG2A-vs-NKG2C candidate is not exposed in 3CDG
