alignment_column	human_NKG2A_residue	human_NKG2A_aa	human_NKG2C_residue	human_NKG2C_aa	human_NKG2A_vs_NKG2C_discriminatory	rhesus_NKG2A_residue	rhesus_NKG2A_aa	rhesus_NKG2C1_residue	rhesus_NKG2C1_aa	rhesus_NKG2C2_residue	rhesus_NKG2C2_aa	rhesus_NKG2A_vs_NKG2C1_discriminatory	rhesus_NKG2A_vs_NKG2C2_discriminatory	rhesus_NKG2A_vs_both_NKG2C_isoforms_discriminatory	pigtail_NKG2A_residue	pigtail_NKG2A_aa	pigtail_NKG2C_residue	pigtail_NKG2C_aa	pigtail_NKG2A_vs_NKG2C_discriminatory	human_3CDG_coordinate_status	complex_sasa_A2	complex_rsa	complex_exposure_class	isolated_nkg2a_rsa	buried_surface_area_A2	contact_CD94	contact_HLA_E	contact_B2M	contact_peptide	any_interface_contact	human_NKG2A_canonical_sequon_status	human_NKG2A_canonical_sequon	minimum_modeled_glycan_distance_A	within_5A_of_modeled_glycan	compact_footprint_ids	sequence_classification	sequence_priority	human_specificity_tier	rhesus_specificity_tier	pigtail_specificity_tier	structural_annotation_basis
1		-	94	I	no		-	94	I	94	I	no	no	no		-	94	I	no	unresolved						no	no	no	no	no	no			no		pan_species_NKG2A_vs_NKG2C_difference	moderate_sequence_interest	not_discriminatory_for_species	not_discriminatory_for_species	not_discriminatory_for_species	no_3CDG_coordinate_for_human_alignment_position
3	95	S		-	yes	95	S		-		-	yes	yes	yes	95	S		-	yes	unresolved						no	no	no	no	no	no			no		pan_species_NKG2A_vs_NKG2C_difference	high_sequence_interest	structurally_unresolved_discriminator	structurally_unresolved_discriminator	structurally_unresolved_discriminator	no_3CDG_coordinate_for_human_alignment_position
4	96	T		-	yes	96	T		-		-	yes	yes	yes	96	T		-	yes	unresolved						no	no	no	no	no	no			no		pan_species_NKG2A_vs_NKG2C_difference	high_sequence_interest	structurally_unresolved_discriminator	structurally_unresolved_discriminator	structurally_unresolved_discriminator	no_3CDG_coordinate_for_human_alignment_position
5	97	L		-	yes	97	L		-		-	yes	yes	yes	97	L		-	yes	unresolved						no	no	no	no	no	no			no		pan_species_NKG2A_vs_NKG2C_difference	high_sequence_interest	structurally_unresolved_discriminator	structurally_unresolved_discriminator	structurally_unresolved_discriminator	no_3CDG_coordinate_for_human_alignment_position
6	98	I	96	F	yes	98	T	96	F	96	F	yes	yes	yes	98	T	96	F	yes	unresolved						no	no	no	no	no	no			no		pan_species_NKG2A_vs_NKG2C_difference	high_sequence_interest	structurally_unresolved_discriminator	structurally_unresolved_discriminator	structurally_unresolved_discriminator	no_3CDG_coordinate_for_human_alignment_position
7	99	Q	97	L	yes	99	Q	97	L	97	L	yes	yes	yes	99	Q	97	L	yes	unresolved						no	no	no	no	no	no			no		pan_species_NKG2A_vs_NKG2C_difference	high_sequence_interest	structurally_unresolved_discriminator	structurally_unresolved_discriminator	structurally_unresolved_discriminator	no_3CDG_coordinate_for_human_alignment_position
8	100	R	98	E	yes	100	K	98	E	98	E	yes	yes	yes	100	K	98	E	yes	unresolved						no	no	no	no	no	no			no		pan_species_NKG2A_vs_NKG2C_difference	high_sequence_interest	structurally_unresolved_discriminator	structurally_unresolved_discriminator	structurally_unresolved_discriminator	no_3CDG_coordinate_for_human_alignment_position
9	101	H	99	Q	yes	101	H	99	Q	99	Q	yes	yes	yes	101	H	99	Q	yes	unresolved						no	no	no	no	no	no			no		pan_species_NKG2A_vs_NKG2C_difference	high_sequence_interest	structurally_unresolved_discriminator	structurally_unresolved_discriminator	structurally_unresolved_discriminator	no_3CDG_coordinate_for_human_alignment_position
13	105	S	103	S	no	105	S	103	F	103	S	yes	no	no	105	S	103	F	yes	unresolved						no	no	no	no	no	within_sequon	103:NSS		no		rhesus_isoform_dependent_difference	caution_rhesus_isoform_variability	not_discriminatory_for_species	not_discriminatory_for_species	structurally_unresolved_discriminator	no_3CDG_coordinate_for_human_alignment_position
14	106	L	104	P	yes	106	L	104	P	104	P	yes	yes	yes	106	L	104	P	yes	unresolved						no	no	no	no	no	no			no		pan_species_NKG2A_vs_NKG2C_difference	high_sequence_interest	structurally_unresolved_discriminator	structurally_unresolved_discriminator	structurally_unresolved_discriminator	no_3CDG_coordinate_for_human_alignment_position
18	110	T	108	T	no	110	T	108	T	108	T	no	no	no	110	S	108	T	yes	unresolved						no	no	no	no	no	no			no		pigtail_specific_difference	pigtail_specific_interest	not_discriminatory_for_species	not_discriminatory_for_species	structurally_unresolved_discriminator	no_3CDG_coordinate_for_human_alignment_position
21	113	A	111	A	no	113	A	111	V	111	V	yes	yes	yes	113	A	111	V	yes	resolved	138.835	1.0762	exposed	1.0856	1.208	no	no	no	no	no	no			no	footprint_10	macaque_shared_difference	high_macaque_interest	not_discriminatory_for_species	tier_1_exposed_noninterface_discriminator	tier_1_exposed_noninterface_discriminator	human_NKG2A_3CDG
29	121	E	119	E	no	121	E	119	E	119	E	no	no	no	121	K	119	E	yes	resolved	103.692	0.4650	exposed	0.4890	5.357	no	no	no	no	no	no			no	footprint_10	pigtail_specific_difference	pigtail_specific_interest	not_discriminatory_for_species	not_discriminatory_for_species	tier_1_exposed_noninterface_discriminator	human_NKG2A_3CDG
56	148	T	146	T	no	148	A	146	T	146	T	yes	yes	yes	148	T	146	A	yes	resolved	81.538	0.4741	exposed	0.4741	0.000	no	no	no	no	no	no			no	footprint_11	macaque_shared_difference	moderate_macaque_interest	not_discriminatory_for_species	tier_1_exposed_noninterface_discriminator	tier_1_exposed_noninterface_discriminator	human_NKG2A_3CDG
79	171	P	169	P	no	171	T	169	S	169	S	yes	yes	yes	171	S	169	P	yes	resolved	22.695	0.1427	partially_exposed	0.5605	66.420	yes	yes	no	yes	yes	no			no	footprint_2,footprint_6,footprint_7	macaque_shared_difference	moderate_macaque_interest	not_discriminatory_for_species	tier_4_partially_exposed_interface_discriminator	tier_4_partially_exposed_interface_discriminator	human_NKG2A_3CDG
84	176	G	174	G	no	176	D	174	D	174	D	no	no	no	176	D	174	G	yes	resolved	8.844	0.0850	buried	0.0850	0.000	no	no	no	no	no	no			no	footprint_12	pigtail_specific_difference	pigtail_specific_interest	not_discriminatory_for_species	not_discriminatory_for_species	tier_5_buried_discriminator	human_NKG2A_3CDG
110	202	D	200	D	no	202	D	200	D	200	D	no	no	no	202	G	200	D	yes	resolved	47.979	0.2486	partially_exposed	0.2486	0.000	no	no	no	no	no	no			no	footprint_3,footprint_5,footprint_8	pigtail_specific_difference	pigtail_specific_interest	not_discriminatory_for_species	not_discriminatory_for_species	tier_3_partially_exposed_noninterface_discriminator	human_NKG2A_3CDG
114	206	L	204	L	no	206	H	204	H	204	H	no	no	no	206	R	204	H	yes	resolved	36.229	0.1802	partially_exposed	0.1802	0.000	no	no	no	no	no	no			no	footprint_1,footprint_3,footprint_4,footprint_5,footprint_8	pigtail_specific_difference	pigtail_specific_interest	not_discriminatory_for_species	not_discriminatory_for_species	tier_3_partially_exposed_noninterface_discriminator	human_NKG2A_3CDG
121	213	V	211	V	no	213	V	211	V	211	V	no	no	no	213	V	211	A	yes	resolved	87.594	0.5034	exposed	0.6561	26.568	no	no	no	no	no	no			no	footprint_1,footprint_6,footprint_7	pigtail_specific_difference	pigtail_specific_interest	not_discriminatory_for_species	not_discriminatory_for_species	tier_1_exposed_noninterface_discriminator	human_NKG2A_3CDG
122	214	N	212	N	no	214	R	212	R	212	R	no	no	no	214	R	212	H	yes	resolved	53.627	0.2750	exposed	0.2750	0.000	no	no	no	no	no	no			no	footprint_1,footprint_6,footprint_7	pigtail_specific_difference	pigtail_specific_interest	not_discriminatory_for_species	not_discriminatory_for_species	tier_1_exposed_noninterface_discriminator	human_NKG2A_3CDG
125	217	K	215	K	no	217	F	215	F	215	F	no	no	no	217	F	215	K	yes	resolved	34.518	0.1463	partially_exposed	0.2962	35.384	no	yes	no	no	yes	no			no	footprint_1,footprint_2,footprint_3,footprint_4,footprint_5,footprint_6	pigtail_specific_difference	pigtail_specific_interest	not_discriminatory_for_species	not_discriminatory_for_species	tier_4_partially_exposed_interface_discriminator	human_NKG2A_3CDG
127	219	A	217	A	no	219	D	217	D	217	D	no	no	no	219	D	217	N	yes	resolved	14.492	0.1123	partially_exposed	0.1123	0.000	no	no	no	no	no	no			no	footprint_1,footprint_2,footprint_3,footprint_4,footprint_5,footprint_8	pigtail_specific_difference	pigtail_specific_interest	not_discriminatory_for_species	not_discriminatory_for_species	tier_3_partially_exposed_noninterface_discriminator	human_NKG2A_3CDG
128	220	Q	218	Q	no	220	E	218	E	218	E	no	no	no	220	E	218	Q	yes	resolved	67.741	0.3011	exposed	0.3011	0.000	no	no	no	no	no	no			no	footprint_1,footprint_2,footprint_3,footprint_4,footprint_5,footprint_9	pigtail_specific_difference	pigtail_specific_interest	not_discriminatory_for_species	not_discriminatory_for_species	tier_1_exposed_noninterface_discriminator	human_NKG2A_3CDG
132	224	S	222	S	no	224	S	222	S	222	S	no	no	no	224	S	222	T	yes	resolved	43.583	0.2812	exposed	0.3909	17.000	no	yes	no	no	yes	no			no	footprint_2,footprint_4,footprint_9	pigtail_specific_difference	pigtail_specific_interest	not_discriminatory_for_species	not_discriminatory_for_species	tier_2_exposed_interface_discriminator	human_NKG2A_3CDG
133	225	I	223	M	yes	225	K	223	K	223	K	no	no	no	225	K	223	V	yes	resolved	19.322	0.0981	buried	0.1042	1.208	no	no	no	no	no	no			no	footprint_1,footprint_2,footprint_3,footprint_4,footprint_7,footprint_9	human_pigtail_shared_difference	pigtail_specific_interest	tier_5_buried_discriminator	not_discriminatory_for_species	tier_5_buried_discriminator	human_NKG2A_3CDG
