species	final_species_rank	step2u_hypothesis_rank	hypothesis_id	parent_region_id	representative_core	candidate_residues	within_species_comparisons	hypothesis_type	evidence_tier	final_selection_category	experimental_priority	target_attractiveness	structural_confidence	discriminator_count	exposed_noninterface_count	interface_residue_count	buried_residue_count	mean_complex_rsa	diameter_A	glycosylation_context	glycosylation_flag	strength_summary	limitation_summary	final_interpretation	step2u_interpretation
human	1	1	HHYP1	H1	HC1	95S,96T,97L,98I,99Q,100R,101H,106L	95S>-|96T>-|97L>-|98I>F|99Q>L|100R>E|101H>Q|106L>P	sequence_defined_unresolved_hypothesis	tier_U_sequence_defined_unresolved	primary_sequence_defined_candidate	priority_1	high_but_structurally_unresolved	unresolved_no_fixed_geometry	8						overlapping_canonical_N_glycosylation_sequon	overlapping	8_within_species_discriminators;strong_sequence_discrimination_retained_despite_missing_structure;within_species_NKG2A_vs_NKG2C_sequence_discrimination;retained_despite_missing_experimental_coordinates;8_sequence_discriminators_in_local_region	no_experimental_structural_coordinates;surface_accessibility_not_established;fixed_3D_geometry_not_assigned;AlphaFold_94_112_geometry_not_used_for_fixed_epitope_interpretation;overlapping_canonical_N_glycosylation_sequon;no_experimental_structural_coordinates;surface_accessibility_not_established;fixed_3D_geometry_not_assigned;overlaps_canonical_N_glycosylation_sequon;AlphaFold_94_112_geometry_low_confidence_and_high_relative_PAE	95S,96T,97L,98I,99Q,100R,101H,106L is retained as a primary sequence-defined NKG2A-specific candidate because of strong within-species NKG2A-vs-NKG2C sequence discrimination. Structural accessibility remains unresolved and no fixed 3D epitope geometry is assigned.	95S,96T,97L,98I,99Q,100R,101H,106L is retained as a human NKG2A-vs-NKG2C sequence-defined specificity hypothesis. Experimental human NKG2A structures do not resolve this region, and the AlphaFold 94-112 model does not support assigning a fixed antibody epitope geometry.
human	2	2	HHYP2	H2	HC2	225I	225I>M	resolved_structural_hypothesis	tier_4_resolved_low_accessibility	low_accessibility_candidate	priority_4	low	direct_human_experimental_structure	1	0	0	1	0.0981	0.000	none_detected_near_core	none_detected	within_species_discriminator;compact_structural_neighborhood;no_detected_interface_residue;no_detected_nearby_canonical_N_glycosylation_sequon;within_species_NKG2A_vs_NKG2C_discriminator;no_detected_CD94_HLAE_B2M_peptide_interface_contact	1_buried_residue;very_low_mean_accessibility;1_buried_discriminatory_residue;low_mean_structural_accessibility	225I remains sequence-discriminatory but is a low-priority antibody-accessible candidate because the available structure indicates poor accessibility or burial.	225I is structurally resolved and discriminatory but has low accessibility or burial evidence and is therefore a lower-priority antibody-accessible hypothesis.
rhesus	1	1	RHYP1	R1	RC1	113A	113A>V/V	resolved_structural_hypothesis	tier_1_resolved_exposed_noninterface	primary_resolved_candidate	priority_1	high	human_structure_homology_projection	1	1	0	0	1.0762	0.000	none_detected_near_core	none_detected	within_species_discriminator;exposed_noninterface_residue;high_mean_accessibility;compact_structural_neighborhood;no_detected_interface_residue;no_detected_nearby_canonical_N_glycosylation_sequon;within_species_NKG2A_vs_NKG2C_discriminator;1_exposed_noninterface_discriminatory_residue;no_detected_CD94_HLAE_B2M_peptide_interface_contact	structural_evidence_projected_from_human_3CDG;not_direct_macaque_structure;structural_accessibility_projected_from_human_3CDG_homologous_position;not_direct_macaque_structure	113A is retained as a primary resolved within-species NKG2A-specific candidate because it combines NKG2A-vs-NKG2C sequence discrimination with favorable exposed non-interface structural evidence.	113A contains within-species NKG2A-vs-NKG2C discriminatory residue(s) with favorable exposed non-interface structural evidence. Structural accessibility/interface annotations are homologous-position projections from human NKG2A 3CDG rather than direct macaque structural measurements.
rhesus	2	2	RHYP2	R2	RC2	148A	148A>T/T	resolved_structural_hypothesis	tier_1_resolved_exposed_noninterface	primary_resolved_candidate	priority_1	high	human_structure_homology_projection	1	1	0	0	0.4741	0.000	nearby_canonical_N_glycosylation_sequon	nearby	within_species_discriminator;exposed_noninterface_residue;exposed_mean_accessibility;compact_structural_neighborhood;no_detected_interface_residue;within_species_NKG2A_vs_NKG2C_discriminator;1_exposed_noninterface_discriminatory_residue;no_detected_CD94_HLAE_B2M_peptide_interface_contact	nearby_canonical_N_glycosylation_sequon;structural_evidence_projected_from_human_3CDG;not_direct_macaque_structure;nearby_canonical_N_glycosylation_sequon;structural_accessibility_projected_from_human_3CDG_homologous_position;not_direct_macaque_structure	148A is retained as a primary resolved within-species NKG2A-specific candidate because it combines NKG2A-vs-NKG2C sequence discrimination with favorable exposed non-interface structural evidence.	148A contains within-species NKG2A-vs-NKG2C discriminatory residue(s) with favorable exposed non-interface structural evidence. Structural accessibility/interface annotations are homologous-position projections from human NKG2A 3CDG rather than direct macaque structural measurements.
rhesus	3	4	RHYP4	R3	RC3	95S,96T,97L,98T,99Q,100K,101H,106L	95S>-/-|96T>-/-|97L>-/-|98T>F/F|99Q>L/L|100K>E/E|101H>Q/Q|106L>P/P	sequence_defined_unresolved_hypothesis	tier_U_sequence_defined_unresolved	primary_sequence_defined_candidate	priority_1	high_but_structurally_unresolved	unresolved_no_fixed_geometry	8						overlapping_canonical_N_glycosylation_sequon	overlapping	8_within_species_discriminators;strong_sequence_discrimination_retained_despite_missing_structure;within_species_NKG2A_vs_NKG2C_sequence_discrimination;retained_despite_missing_experimental_coordinates;8_sequence_discriminators_in_local_region	no_experimental_structural_coordinates;surface_accessibility_not_established;fixed_3D_geometry_not_assigned;no_direct_macaque_structural_geometry;overlapping_canonical_N_glycosylation_sequon;no_experimental_structural_coordinates;surface_accessibility_not_established;fixed_3D_geometry_not_assigned;overlaps_canonical_N_glycosylation_sequon;no_direct_macaque_structural_geometry_inferred	95S,96T,97L,98T,99Q,100K,101H,106L is retained as a primary sequence-defined NKG2A-specific candidate because of strong within-species NKG2A-vs-NKG2C sequence discrimination. Structural accessibility remains unresolved and no fixed 3D epitope geometry is assigned.	95S,96T,97L,98T,99Q,100K,101H,106L is retained as a rhesus NKG2A-vs-NKG2C sequence-defined specificity hypothesis corresponding to an experimentally unresolved region in human NKG2A. No direct macaque fixed structural geometry is inferred.
rhesus	4	3	RHYP3	R4	RC4	171T	171T>S/S	resolved_structural_hypothesis	tier_3_resolved_interface_associated	interface_associated_candidate	priority_3	mechanism_dependent	human_structure_homology_projection	1	0	1	0	0.1427	0.000	none_detected_near_core	none_detected	within_species_discriminator;compact_structural_neighborhood;no_detected_nearby_canonical_N_glycosylation_sequon;within_species_NKG2A_vs_NKG2C_discriminator	1_interface_associated_residue;limited_mean_accessibility;structural_evidence_projected_from_human_3CDG;not_direct_macaque_structure;1_interface_associated_discriminatory_residue;limited_mean_structural_accessibility;structural_accessibility_projected_from_human_3CDG_homologous_position;not_direct_macaque_structure	171T is retained as an interface-associated NKG2A-specific candidate. Its usefulness may depend on the intended antibody mechanism because the discriminatory surface participates in receptor/ligand contacts.	171T is structurally resolved and discriminatory but contains receptor/ligand-interface involvement. Its antibody value may therefore depend on the intended mechanism. Structural accessibility/interface annotations are homologous-position projections from human NKG2A 3CDG rather than direct macaque structural measurements.
pigtail	1	1	PHYP1	P2	PC1	113A,121K	113A>V|121K>E	resolved_structural_hypothesis	tier_1_resolved_exposed_noninterface	primary_resolved_candidate	priority_1	high	human_structure_homology_projection	2	2	0	0	0.7706	4.810	none_detected_near_core	none_detected	2_within_species_discriminators;2_exposed_noninterface_residues;high_mean_accessibility;compact_structural_neighborhood;no_detected_interface_residue;no_detected_nearby_canonical_N_glycosylation_sequon;2_within_species_NKG2A_vs_NKG2C_discriminators;2_exposed_noninterface_discriminatory_residues;no_detected_CD94_HLAE_B2M_peptide_interface_contact;compact_structural_neighborhood	structural_evidence_projected_from_human_3CDG;not_direct_macaque_structure;structural_accessibility_projected_from_human_3CDG_homologous_position;not_direct_macaque_structure	113A,121K is retained as a primary resolved within-species NKG2A-specific candidate because it combines NKG2A-vs-NKG2C sequence discrimination with favorable exposed non-interface structural evidence.	113A,121K contains within-species NKG2A-vs-NKG2C discriminatory residue(s) with favorable exposed non-interface structural evidence. Structural accessibility/interface annotations are homologous-position projections from human NKG2A 3CDG rather than direct macaque structural measurements.
pigtail	2	2	PHYP2	P3	PC2	148T	148T>A	resolved_structural_hypothesis	tier_1_resolved_exposed_noninterface	primary_resolved_candidate	priority_1	high	human_structure_homology_projection	1	1	0	0	0.4741	0.000	nearby_canonical_N_glycosylation_sequon	nearby	within_species_discriminator;exposed_noninterface_residue;exposed_mean_accessibility;compact_structural_neighborhood;no_detected_interface_residue;within_species_NKG2A_vs_NKG2C_discriminator;1_exposed_noninterface_discriminatory_residue;no_detected_CD94_HLAE_B2M_peptide_interface_contact	nearby_canonical_N_glycosylation_sequon;structural_evidence_projected_from_human_3CDG;not_direct_macaque_structure;nearby_canonical_N_glycosylation_sequon;structural_accessibility_projected_from_human_3CDG_homologous_position;not_direct_macaque_structure	148T is retained as a primary resolved within-species NKG2A-specific candidate because it combines NKG2A-vs-NKG2C sequence discrimination with favorable exposed non-interface structural evidence.	148T contains within-species NKG2A-vs-NKG2C discriminatory residue(s) with favorable exposed non-interface structural evidence. Structural accessibility/interface annotations are homologous-position projections from human NKG2A 3CDG rather than direct macaque structural measurements.
pigtail	3	4	PHYP4	P4	PC3	95S,96T,97L,98T,99Q,100K,101H,105S,106L,110S	95S>-|96T>-|97L>-|98T>F|99Q>L|100K>E|101H>Q|105S>F|106L>P|110S>T	sequence_defined_unresolved_hypothesis	tier_U_sequence_defined_unresolved	primary_sequence_defined_candidate	priority_1	high_but_structurally_unresolved	unresolved_no_fixed_geometry	10						overlapping_canonical_N_glycosylation_sequon	overlapping	10_within_species_discriminators;strong_sequence_discrimination_retained_despite_missing_structure;within_species_NKG2A_vs_NKG2C_sequence_discrimination;retained_despite_missing_experimental_coordinates;10_sequence_discriminators_in_local_region	no_experimental_structural_coordinates;surface_accessibility_not_established;fixed_3D_geometry_not_assigned;no_direct_macaque_structural_geometry;overlapping_canonical_N_glycosylation_sequon;no_experimental_structural_coordinates;surface_accessibility_not_established;fixed_3D_geometry_not_assigned;overlaps_canonical_N_glycosylation_sequon;no_direct_macaque_structural_geometry_inferred	95S,96T,97L,98T,99Q,100K,101H,105S,106L,110S is retained as a primary sequence-defined NKG2A-specific candidate because of strong within-species NKG2A-vs-NKG2C sequence discrimination. Structural accessibility remains unresolved and no fixed 3D epitope geometry is assigned.	95S,96T,97L,98T,99Q,100K,101H,105S,106L,110S is retained as a pigtail NKG2A-vs-NKG2C sequence-defined specificity hypothesis corresponding to an experimentally unresolved region in human NKG2A. No direct macaque fixed structural geometry is inferred.
pigtail	4	3	PHYP3	P1	PC12	202G,206R,219D	202G>D|206R>H|219D>N	resolved_structural_hypothesis	tier_2_resolved_mixed_accessibility	secondary_resolved_candidate	priority_2	moderate	human_structure_homology_projection	3	0	0	0	0.1804	6.800	none_detected_near_core	none_detected	3_within_species_discriminators;compact_structural_neighborhood;no_detected_interface_residue;no_detected_nearby_canonical_N_glycosylation_sequon;3_within_species_NKG2A_vs_NKG2C_discriminators;no_detected_CD94_HLAE_B2M_peptide_interface_contact;compact_structural_neighborhood	limited_mean_accessibility;structural_evidence_projected_from_human_3CDG;not_direct_macaque_structure;limited_mean_structural_accessibility;structural_accessibility_projected_from_human_3CDG_homologous_position;not_direct_macaque_structure	202G,206R,219D is retained as a secondary resolved NKG2A-specific candidate. Sequence discrimination is supported, but accessibility is less favorable than the primary resolved candidates.	202G,206R,219D is a resolved discriminatory structural hypothesis with intermediate accessibility evidence. Structural accessibility/interface annotations are homologous-position projections from human NKG2A 3CDG rather than direct macaque structural measurements.
