footprint_id	residue_count	mapped_residue_count	residue_labels	residues	missing_lookup_positions	human_NKG2A_signature	rhesus_NKG2A_signature	pigtail_NKG2A_signature	human_NKG2C_signature	rhesus_NKG2C_signature	pigtail_NKG2C_signature	NKG2A_positions_conserved_all_three	NKG2A_positions_conserved_rhesus_pigtail	NKG2A_positions_varying_across_species	complete_NKG2A_target_conservation	human_NKG2A_vs_NKG2C_discriminators	human_discriminatory_positions	rhesus_NKG2A_vs_both_NKG2C_discriminators	rhesus_discriminatory_positions	pigtail_NKG2A_vs_NKG2C_discriminators	pigtail_discriminatory_positions	footprint_cross_species_NKG2A_vs_NKG2C_discrimination	cross_species_specificity_class	original_footprint_priority	exposed_non_interface_residues	interface_residues	mean_complex_rsa
footprint_1	7	7	206L,213V,214N,217K,219A,220Q,225I	206,213,214,217,219,220,225		206L|213V|214N|217K|219A|220Q|225I	206H|213V|214R|217F|219D|220E|225K	206R|213V|214R|217F|219D|220E|225K	206L|213V|214N|217K|219A|220Q|225M	206H/H|213V/V|214R/R|217F/F|219D/D|220E/E|225K/K	206H|213A|214H|217K|219N|220Q|225V	1	6	206,214,217,219,220,225	no	1	225	0		7	206,213,214,217,219,220,225	no	human_NKG2A_specificity_candidate	interface_containing	3	1	0.2309
footprint_2	6	6	171P,217K,219A,220Q,224S,225I	171,217,219,220,224,225		171P|217K|219A|220Q|224S|225I	171T|217F|219D|220E|224S|225K	171S|217F|219D|220E|224S|225K	171P|217K|219A|220Q|224S|225M	171S/S|217F/F|219D/D|220E/E|224S/S|225K/K	171P|217K|219N|220Q|224T|225V	1	5	171,217,219,220,225	no	1	225	1	171	6	171,217,219,220,224,225	yes	mixed_cross_species_target_conservation_with_NKG2C_separation	cross_species_NKG2A_discriminatory_mixed_interface	1	3	0.1803
footprint_3	6	6	202D,206L,217K,219A,220Q,225I	202,206,217,219,220,225		202D|206L|217K|219A|220Q|225I	202D|206H|217F|219D|220E|225K	202G|206R|217F|219D|220E|225K	202D|206L|217K|219A|220Q|225M	202D/D|206H/H|217F/F|219D/D|220E/E|225K/K	202D|206H|217K|219N|220Q|225V	0	4	202,206,217,219,220,225	no	1	225	0		6	202,206,217,219,220,225	no	human_NKG2A_specificity_candidate	interface_containing	1	1	0.1811
footprint_4	6	6	206L,217K,219A,220Q,224S,225I	206,217,219,220,224,225		206L|217K|219A|220Q|224S|225I	206H|217F|219D|220E|224S|225K	206R|217F|219D|220E|224S|225K	206L|217K|219A|220Q|224S|225M	206H/H|217F/F|219D/D|220E/E|224S/S|225K/K	206H|217K|219N|220Q|224T|225V	1	5	206,217,219,220,225	no	1	225	0		6	206,217,219,220,224,225	no	human_NKG2A_specificity_candidate	interface_containing	1	2	0.1865
footprint_5	5	5	202D,206L,217K,219A,220Q	202,206,217,219,220		202D|206L|217K|219A|220Q	202D|206H|217F|219D|220E	202G|206R|217F|219D|220E	202D|206L|217K|219A|220Q	202D/D|206H/H|217F/F|219D/D|220E/E	202D|206H|217K|219N|220Q	0	3	202,206,217,219,220	no	0		0		5	202,206,217,219,220	no	pigtail_NKG2A_specificity_candidate	interface_containing	1	1	0.1977
footprint_6	4	4	171P,213V,214N,217K	171,213,214,217		171P|213V|214N|217K	171T|213V|214R|217F	171S|213V|214R|217F	171P|213V|214N|217K	171S/S|213V/V|214R/R|217F/F	171P|213A|214H|217K	1	3	171,214,217	no	0		1	171	4	171,213,214,217	no	macaque_NKG2A_specificity_candidate	interface_containing	2	2	0.2668
footprint_7	4	4	171P,213V,214N,225I	171,213,214,225		171P|213V|214N|225I	171T|213V|214R|225K	171S|213V|214R|225K	171P|213V|214N|225M	171S/S|213V/V|214R/R|225K/K	171P|213A|214H|225V	1	3	171,214,225	no	1	225	1	171	4	171,213,214,225	yes	mixed_cross_species_target_conservation_with_NKG2C_separation	cross_species_NKG2A_discriminatory_mixed_interface	2	1	0.2548
footprint_8	3	3	202D,206L,219A	202,206,219		202D|206L|219A	202D|206H|219D	202G|206R|219D	202D|206L|219A	202D/D|206H/H|219D/D	202D|206H|219N	0	1	202,206,219	no	0		0		3	202,206,219	no	pigtail_NKG2A_specificity_candidate	low_structural_priority	0	0	0.1804
footprint_9	3	3	220Q,224S,225I	220,224,225		220Q|224S|225I	220E|224S|225K	220E|224S|225K	220Q|224S|225M	220E/E|224S/S|225K/K	220Q|224T|225V	1	3	220,225	no	1	225	0		3	220,224,225	no	human_NKG2A_specificity_candidate	interface_containing	1	1	0.2268
footprint_10	2	2	113A,121E	113,121		113A|121E	113A|121E	113A|121K	113A|121E	113V/V|121E/E	113V|121E	1	1	121	no	0		1	113	2	113,121	no	macaque_NKG2A_specificity_candidate	macaque_NKG2A_discriminatory_noninterface	2	0	0.7706
footprint_11	1	1	148T	148		148T	148A	148T	148T	148T/T	148A	0	0	148	no	0		1	148	1	148	no	macaque_NKG2A_specificity_candidate	macaque_NKG2A_discriminatory_noninterface	1	0	0.4741
footprint_12	1	1	176G	176		176G	176D	176D	176G	176D/D	176G	0	1	176	no	0		0		1	176	no	pigtail_NKG2A_specificity_candidate	low_structural_priority	0	0	0.0850
