residue_1	aa_1	classification_1	integrated_priority_1	residue_2	aa_2	classification_2	integrated_priority_2	minimum_heavy_atom_distance_A	within_6A	within_8A	within_10A	within_12A
113	A		high_macaque_candidate	121	E		pigtail_specific_candidate	4.810	yes	yes	yes	yes
113	A		high_macaque_candidate	148	T		pigtail_specific_candidate	23.166	no	no	no	no
113	A		high_macaque_candidate	171	P		low_structural_priority	25.353	no	no	no	no
113	A		high_macaque_candidate	176	G		low_structural_priority	29.906	no	no	no	no
113	A		high_macaque_candidate	202	D		low_structural_priority	44.516	no	no	no	no
113	A		high_macaque_candidate	206	L		low_structural_priority	41.382	no	no	no	no
113	A		high_macaque_candidate	213	V		pigtail_specific_candidate	31.499	no	no	no	no
113	A		high_macaque_candidate	214	N		pigtail_specific_candidate	31.504	no	no	no	no
113	A		high_macaque_candidate	217	K		low_structural_priority	35.990	no	no	no	no
113	A		high_macaque_candidate	219	A		low_structural_priority	36.164	no	no	no	no
113	A		high_macaque_candidate	220	Q		pigtail_specific_candidate	36.364	no	no	no	no
113	A		high_macaque_candidate	224	S		interface_candidate	31.201	no	no	no	no
113	A		high_macaque_candidate	225	I		low_structural_priority	27.673	no	no	no	no
121	E		pigtail_specific_candidate	148	T		pigtail_specific_candidate	14.202	no	no	no	no
121	E		pigtail_specific_candidate	171	P		low_structural_priority	19.660	no	no	no	no
121	E		pigtail_specific_candidate	176	G		low_structural_priority	21.584	no	no	no	no
121	E		pigtail_specific_candidate	202	D		low_structural_priority	36.709	no	no	no	no
121	E		pigtail_specific_candidate	206	L		low_structural_priority	33.416	no	no	no	no
121	E		pigtail_specific_candidate	213	V		pigtail_specific_candidate	25.112	no	no	no	no
121	E		pigtail_specific_candidate	214	N		pigtail_specific_candidate	25.143	no	no	no	no
121	E		pigtail_specific_candidate	217	K		low_structural_priority	28.842	no	no	no	no
121	E		pigtail_specific_candidate	219	A		low_structural_priority	28.813	no	no	no	no
121	E		pigtail_specific_candidate	220	Q		pigtail_specific_candidate	28.804	no	no	no	no
121	E		pigtail_specific_candidate	224	S		interface_candidate	24.295	no	no	no	no
121	E		pigtail_specific_candidate	225	I		low_structural_priority	20.593	no	no	no	no
148	T		pigtail_specific_candidate	171	P		low_structural_priority	19.905	no	no	no	no
148	T		pigtail_specific_candidate	176	G		low_structural_priority	10.382	no	no	no	yes
148	T		pigtail_specific_candidate	202	D		low_structural_priority	24.026	no	no	no	no
148	T		pigtail_specific_candidate	206	L		low_structural_priority	20.356	no	no	no	no
148	T		pigtail_specific_candidate	213	V		pigtail_specific_candidate	22.497	no	no	no	no
148	T		pigtail_specific_candidate	214	N		pigtail_specific_candidate	23.272	no	no	no	no
148	T		pigtail_specific_candidate	217	K		low_structural_priority	19.529	no	no	no	no
148	T		pigtail_specific_candidate	219	A		low_structural_priority	19.030	no	no	no	no
148	T		pigtail_specific_candidate	220	Q		pigtail_specific_candidate	17.428	no	no	no	no
148	T		pigtail_specific_candidate	224	S		interface_candidate	16.319	no	no	no	no
148	T		pigtail_specific_candidate	225	I		low_structural_priority	13.434	no	no	no	no
171	P		low_structural_priority	176	G		low_structural_priority	13.655	no	no	no	no
171	P		low_structural_priority	202	D		low_structural_priority	19.581	no	no	no	no
171	P		low_structural_priority	206	L		low_structural_priority	15.902	no	no	no	no
171	P		low_structural_priority	213	V		pigtail_specific_candidate	2.922	yes	yes	yes	yes
171	P		low_structural_priority	214	N		pigtail_specific_candidate	4.999	yes	yes	yes	yes
171	P		low_structural_priority	217	K		low_structural_priority	9.441	no	no	yes	yes
171	P		low_structural_priority	219	A		low_structural_priority	11.783	no	no	no	yes
171	P		low_structural_priority	220	Q		pigtail_specific_candidate	14.579	no	no	no	no
171	P		low_structural_priority	224	S		interface_candidate	11.650	no	no	no	yes
171	P		low_structural_priority	225	I		low_structural_priority	7.808	no	yes	yes	yes
176	G		low_structural_priority	202	D		low_structural_priority	15.103	no	no	no	no
176	G		low_structural_priority	206	L		low_structural_priority	12.539	no	no	no	no
176	G		low_structural_priority	213	V		pigtail_specific_candidate	14.335	no	no	no	no
176	G		low_structural_priority	214	N		pigtail_specific_candidate	14.524	no	no	no	no
176	G		low_structural_priority	217	K		low_structural_priority	9.644	no	no	yes	yes
176	G		low_structural_priority	219	A		low_structural_priority	11.385	no	no	no	yes
176	G		low_structural_priority	220	Q		pigtail_specific_candidate	12.386	no	no	no	no
176	G		low_structural_priority	224	S		interface_candidate	13.942	no	no	no	no
176	G		low_structural_priority	225	I		low_structural_priority	11.195	no	no	no	yes
202	D		low_structural_priority	206	L		low_structural_priority	3.215	yes	yes	yes	yes
202	D		low_structural_priority	213	V		pigtail_specific_candidate	18.386	no	no	no	no
202	D		low_structural_priority	214	N		pigtail_specific_candidate	18.045	no	no	no	no
202	D		low_structural_priority	217	K		low_structural_priority	8.865	no	no	yes	yes
202	D		low_structural_priority	219	A		low_structural_priority	6.800	no	yes	yes	yes
202	D		low_structural_priority	220	Q		pigtail_specific_candidate	8.332	no	no	yes	yes
202	D		low_structural_priority	224	S		interface_candidate	15.927	no	no	no	no
202	D		low_structural_priority	225	I		low_structural_priority	13.510	no	no	no	no
206	L		low_structural_priority	213	V		pigtail_specific_candidate	14.900	no	no	no	no
206	L		low_structural_priority	214	N		pigtail_specific_candidate	16.116	no	no	no	no
206	L		low_structural_priority	217	K		low_structural_priority	6.254	no	yes	yes	yes
206	L		low_structural_priority	219	A		low_structural_priority	3.106	yes	yes	yes	yes
206	L		low_structural_priority	220	Q		pigtail_specific_candidate	3.600	yes	yes	yes	yes
206	L		low_structural_priority	224	S		interface_candidate	10.766	no	no	no	yes
206	L		low_structural_priority	225	I		low_structural_priority	9.232	no	no	yes	yes
213	V		pigtail_specific_candidate	214	N		pigtail_specific_candidate	1.329	yes	yes	yes	yes
213	V		pigtail_specific_candidate	217	K		low_structural_priority	7.844	no	yes	yes	yes
213	V		pigtail_specific_candidate	219	A		low_structural_priority	11.638	no	no	no	yes
213	V		pigtail_specific_candidate	220	Q		pigtail_specific_candidate	14.487	no	no	no	no
213	V		pigtail_specific_candidate	224	S		interface_candidate	13.733	no	no	no	no
213	V		pigtail_specific_candidate	225	I		low_structural_priority	9.826	no	no	yes	yes
214	N		pigtail_specific_candidate	217	K		low_structural_priority	7.711	no	yes	yes	yes
214	N		pigtail_specific_candidate	219	A		low_structural_priority	13.707	no	no	no	no
214	N		pigtail_specific_candidate	220	Q		pigtail_specific_candidate	16.624	no	no	no	no
214	N		pigtail_specific_candidate	224	S		interface_candidate	16.466	no	no	no	no
214	N		pigtail_specific_candidate	225	I		low_structural_priority	12.296	no	no	no	no
217	K		low_structural_priority	219	A		low_structural_priority	3.967	yes	yes	yes	yes
217	K		low_structural_priority	220	Q		pigtail_specific_candidate	7.437	no	yes	yes	yes
217	K		low_structural_priority	224	S		interface_candidate	10.662	no	no	no	yes
217	K		low_structural_priority	225	I		low_structural_priority	7.633	no	yes	yes	yes
219	A		low_structural_priority	220	Q		pigtail_specific_candidate	1.328	yes	yes	yes	yes
219	A		low_structural_priority	224	S		interface_candidate	8.100	no	no	yes	yes
219	A		low_structural_priority	225	I		low_structural_priority	4.278	yes	yes	yes	yes
220	Q		pigtail_specific_candidate	224	S		interface_candidate	5.596	yes	yes	yes	yes
220	Q		pigtail_specific_candidate	225	I		low_structural_priority	5.254	yes	yes	yes	yes
224	S		interface_candidate	225	I		low_structural_priority	1.327	yes	yes	yes	yes
