record_id	accession	ectodomain_start	ectodomain_end	sequon_ecto_residue	sequon_full_length_residue	motif	candidate_position_overlap
human_NKG2A	P26715	94	233	9	102	NNS	no
human_NKG2A	P26715	94	233	10	103	NSS	no
human_NKG2A	P26715	94	233	58	151	NSS	no
human_NKG2A	P26715	94	233	87	180	NSS	no
human_NKG2C	NP_002251.2	94	231	8	101	NFS	no
human_NKG2C	NP_002251.2	94	231	56	149	NSS	no
human_NKG2C	NP_002251.2	94	231	85	178	NSS	no
rhesus_NKG2A	NP_001028001.3	94	233	9	102	NNS	no
rhesus_NKG2A	NP_001028001.3	94	233	10	103	NSS	no
rhesus_NKG2A	NP_001028001.3	94	233	58	151	NSS	no
rhesus_NKG2C_isoform1	NP_001305287.3	94	231	7	100	NNS	no
rhesus_NKG2C_isoform1	NP_001305287.3	94	231	56	149	NSS	no
rhesus_NKG2C_isoform2	NP_001098647.3	94	231	7	100	NNS	no
rhesus_NKG2C_isoform2	NP_001098647.3	94	231	8	101	NSS	no
rhesus_NKG2C_isoform2	NP_001098647.3	94	231	56	149	NSS	no
pigtail_NKG2A	XP_070928357.1	94	233	9	102	NNS	no
pigtail_NKG2A	XP_070928357.1	94	233	10	103	NSS	no
pigtail_NKG2A	XP_070928357.1	94	233	58	151	NSS	no
pigtail_NKG2C	XP_070928345.1	94	231	7	100	NNS	no
pigtail_NKG2C	XP_070928345.1	94	231	56	149	NSS	no
