alignment_column	human_NKG2A_residue	human_NKG2A_aa	human_NKG2C_aa	human_within_species_discriminatory	human_evidence_tier	rhesus_NKG2A_residue	rhesus_NKG2A_aa	rhesus_NKG2C1_aa	rhesus_NKG2C2_aa	rhesus_vs_isoform1_discriminatory	rhesus_vs_isoform2_discriminatory	rhesus_vs_both_isoforms_discriminatory	rhesus_evidence_tier	pigtail_NKG2A_residue	pigtail_NKG2A_aa	pigtail_NKG2C_aa	pigtail_within_species_discriminatory	pigtail_evidence_tier	experimental_structure_class	human_3CDG_coordinate_status	complex_sasa_A2	complex_rsa	complex_exposure_class	isolated_nkg2a_rsa	buried_surface_area_A2	contact_CD94	contact_HLA_E	contact_B2M	contact_peptide	any_interface_contact	human_NKG2A_sequon_status	human_NKG2A_sequon	minimum_modeled_glycan_distance_A	within_5A_of_modeled_glycan	alphafold_plddt	alphafold_confidence_class	alphafold_geometry_evidence	alphafold_model_use_decision	compact_footprint_ids	sequence_classification	sequence_priority	geometry_evidence_basis	structural_annotation_note
21	113	A	A	no	not_discriminatory	113	A	V	V	yes	yes	yes	tier_1a_exposed_noninterface	113	A	V	yes	tier_1a_exposed_noninterface	resolved_exposed_noninterface	resolved	138.835	1.0762	exposed	1.0856	1.208	no	no	no	no	no	no			no	46.810	very_low	very_low_prediction	target_region_low_confidence_geometry_should_not_be_overinterpreted	footprint_10	macaque_shared_difference	high_macaque_interest	experimental_3CDG_human_geometry	direct_human_3CDG
121	213	V	V	no	not_discriminatory	213	V	V	V	no	no	no	not_discriminatory	213	V	A	yes	tier_1a_exposed_noninterface	resolved_exposed_noninterface	resolved	87.594	0.5034	exposed	0.6561	26.568	no	no	no	no	no	no			no	93.120	very_high	very_high_prediction	target_region_low_confidence_geometry_should_not_be_overinterpreted	footprint_1,footprint_6,footprint_7	pigtail_specific_difference	pigtail_specific_interest	experimental_3CDG_human_geometry	direct_human_3CDG
56	148	T	T	no	not_discriminatory	148	A	T	T	yes	yes	yes	tier_1a_exposed_noninterface	148	T	A	yes	tier_1a_exposed_noninterface	resolved_exposed_noninterface	resolved	81.538	0.4741	exposed	0.4741	0.000	no	no	no	no	no	no			no	97.880	very_high	very_high_prediction	target_region_low_confidence_geometry_should_not_be_overinterpreted	footprint_11	macaque_shared_difference	moderate_macaque_interest	experimental_3CDG_human_geometry	direct_human_3CDG
29	121	E	E	no	not_discriminatory	121	E	E	E	no	no	no	not_discriminatory	121	K	E	yes	tier_1a_exposed_noninterface	resolved_exposed_noninterface	resolved	103.692	0.4650	exposed	0.4890	5.357	no	no	no	no	no	no			no	90.060	very_high	very_high_prediction	target_region_low_confidence_geometry_should_not_be_overinterpreted	footprint_10	pigtail_specific_difference	pigtail_specific_interest	experimental_3CDG_human_geometry	direct_human_3CDG
128	220	Q	Q	no	not_discriminatory	220	E	E	E	no	no	no	not_discriminatory	220	E	Q	yes	tier_1a_exposed_noninterface	resolved_exposed_noninterface	resolved	67.741	0.3011	exposed	0.3011	0.000	no	no	no	no	no	no			no	96.880	very_high	very_high_prediction	target_region_low_confidence_geometry_should_not_be_overinterpreted	footprint_1,footprint_2,footprint_3,footprint_4,footprint_5,footprint_9	pigtail_specific_difference	pigtail_specific_interest	experimental_3CDG_human_geometry	direct_human_3CDG
122	214	N	N	no	not_discriminatory	214	R	R	R	no	no	no	not_discriminatory	214	R	H	yes	tier_1a_exposed_noninterface	resolved_exposed_noninterface	resolved	53.627	0.2750	exposed	0.2750	0.000	no	no	no	no	no	no			no	93.440	very_high	very_high_prediction	target_region_low_confidence_geometry_should_not_be_overinterpreted	footprint_1,footprint_6,footprint_7	pigtail_specific_difference	pigtail_specific_interest	experimental_3CDG_human_geometry	direct_human_3CDG
132	224	S	S	no	not_discriminatory	224	S	S	S	no	no	no	not_discriminatory	224	S	T	yes	tier_2_exposed_interface	resolved_exposed_interface	resolved	43.583	0.2812	exposed	0.3909	17.000	no	yes	no	no	yes	no			no	98.440	very_high	very_high_prediction	target_region_low_confidence_geometry_should_not_be_overinterpreted	footprint_2,footprint_4,footprint_9	pigtail_specific_difference	pigtail_specific_interest	experimental_3CDG_human_geometry	direct_human_3CDG
110	202	D	D	no	not_discriminatory	202	D	D	D	no	no	no	not_discriminatory	202	G	D	yes	tier_3_partially_exposed_noninterface	resolved_partially_exposed_noninterface	resolved	47.979	0.2486	partially_exposed	0.2486	0.000	no	no	no	no	no	no			no	77.810	confident	confident_prediction	target_region_low_confidence_geometry_should_not_be_overinterpreted	footprint_3,footprint_5,footprint_8	pigtail_specific_difference	pigtail_specific_interest	experimental_3CDG_human_geometry	direct_human_3CDG
114	206	L	L	no	not_discriminatory	206	H	H	H	no	no	no	not_discriminatory	206	R	H	yes	tier_3_partially_exposed_noninterface	resolved_partially_exposed_noninterface	resolved	36.229	0.1802	partially_exposed	0.1802	0.000	no	no	no	no	no	no			no	95.560	very_high	very_high_prediction	target_region_low_confidence_geometry_should_not_be_overinterpreted	footprint_1,footprint_3,footprint_4,footprint_5,footprint_8	pigtail_specific_difference	pigtail_specific_interest	experimental_3CDG_human_geometry	direct_human_3CDG
127	219	A	A	no	not_discriminatory	219	D	D	D	no	no	no	not_discriminatory	219	D	N	yes	tier_3_partially_exposed_noninterface	resolved_partially_exposed_noninterface	resolved	14.492	0.1123	partially_exposed	0.1123	0.000	no	no	no	no	no	no			no	97.060	very_high	very_high_prediction	target_region_low_confidence_geometry_should_not_be_overinterpreted	footprint_1,footprint_2,footprint_3,footprint_4,footprint_5,footprint_8	pigtail_specific_difference	pigtail_specific_interest	experimental_3CDG_human_geometry	direct_human_3CDG
125	217	K	K	no	not_discriminatory	217	F	F	F	no	no	no	not_discriminatory	217	F	K	yes	tier_4_partially_exposed_interface	resolved_partially_exposed_interface	resolved	34.518	0.1463	partially_exposed	0.2962	35.384	no	yes	no	no	yes	no			no	96.120	very_high	very_high_prediction	target_region_low_confidence_geometry_should_not_be_overinterpreted	footprint_1,footprint_2,footprint_3,footprint_4,footprint_5,footprint_6	pigtail_specific_difference	pigtail_specific_interest	experimental_3CDG_human_geometry	direct_human_3CDG
79	171	P	P	no	not_discriminatory	171	T	S	S	yes	yes	yes	tier_4_partially_exposed_interface	171	S	P	yes	tier_4_partially_exposed_interface	resolved_partially_exposed_interface	resolved	22.695	0.1427	partially_exposed	0.5605	66.420	yes	yes	no	yes	yes	no			no	95.310	very_high	very_high_prediction	target_region_low_confidence_geometry_should_not_be_overinterpreted	footprint_2,footprint_6,footprint_7	macaque_shared_difference	moderate_macaque_interest	experimental_3CDG_human_geometry	direct_human_3CDG
3	95	S	-	yes	unresolved_sequence_discriminator	95	S	-	-	yes	yes	yes	unresolved_sequence_discriminator	95	S	-	yes	unresolved_sequence_discriminator	no_experimental_coordinate	unresolved						no	no	no	no	no	no			no	72.500	confident	local_prediction_confident_relative_geometry_uncertain	target_region_low_confidence_geometry_should_not_be_overinterpreted		pan_species_NKG2A_vs_NKG2C_difference	high_sequence_interest	sequence_candidate_only_experimental_geometry_unavailable	no_experimental_coordinates;AlphaFold_94_112_low_confidence_high_PAE
4	96	T	-	yes	unresolved_sequence_discriminator	96	T	-	-	yes	yes	yes	unresolved_sequence_discriminator	96	T	-	yes	unresolved_sequence_discriminator	no_experimental_coordinate	unresolved						no	no	no	no	no	no			no	69.750	low	low_confidence_prediction_do_not_use_fixed_geometry	target_region_low_confidence_geometry_should_not_be_overinterpreted		pan_species_NKG2A_vs_NKG2C_difference	high_sequence_interest	sequence_candidate_only_experimental_geometry_unavailable	no_experimental_coordinates;AlphaFold_94_112_low_confidence_high_PAE
5	97	L	-	yes	unresolved_sequence_discriminator	97	L	-	-	yes	yes	yes	unresolved_sequence_discriminator	97	L	-	yes	unresolved_sequence_discriminator	no_experimental_coordinate	unresolved						no	no	no	no	no	no			no	64.310	low	low_confidence_prediction_do_not_use_fixed_geometry	target_region_low_confidence_geometry_should_not_be_overinterpreted		pan_species_NKG2A_vs_NKG2C_difference	high_sequence_interest	sequence_candidate_only_experimental_geometry_unavailable	no_experimental_coordinates;AlphaFold_94_112_low_confidence_high_PAE
6	98	I	F	yes	unresolved_sequence_discriminator	98	T	F	F	yes	yes	yes	unresolved_sequence_discriminator	98	T	F	yes	unresolved_sequence_discriminator	no_experimental_coordinate	unresolved						no	no	no	no	no	no			no	63.220	low	low_confidence_prediction_do_not_use_fixed_geometry	target_region_low_confidence_geometry_should_not_be_overinterpreted		pan_species_NKG2A_vs_NKG2C_difference	high_sequence_interest	sequence_candidate_only_experimental_geometry_unavailable	no_experimental_coordinates;AlphaFold_94_112_low_confidence_high_PAE
7	99	Q	L	yes	unresolved_sequence_discriminator	99	Q	L	L	yes	yes	yes	unresolved_sequence_discriminator	99	Q	L	yes	unresolved_sequence_discriminator	no_experimental_coordinate	unresolved						no	no	no	no	no	no			no	56.910	low	low_confidence_prediction_do_not_use_fixed_geometry	target_region_low_confidence_geometry_should_not_be_overinterpreted		pan_species_NKG2A_vs_NKG2C_difference	high_sequence_interest	sequence_candidate_only_experimental_geometry_unavailable	no_experimental_coordinates;AlphaFold_94_112_low_confidence_high_PAE
8	100	R	E	yes	unresolved_sequence_discriminator	100	K	E	E	yes	yes	yes	unresolved_sequence_discriminator	100	K	E	yes	unresolved_sequence_discriminator	no_experimental_coordinate	unresolved						no	no	no	no	no	no			no	59.620	low	low_confidence_prediction_do_not_use_fixed_geometry	target_region_low_confidence_geometry_should_not_be_overinterpreted		pan_species_NKG2A_vs_NKG2C_difference	high_sequence_interest	sequence_candidate_only_experimental_geometry_unavailable	no_experimental_coordinates;AlphaFold_94_112_low_confidence_high_PAE
9	101	H	Q	yes	unresolved_sequence_discriminator	101	H	Q	Q	yes	yes	yes	unresolved_sequence_discriminator	101	H	Q	yes	unresolved_sequence_discriminator	no_experimental_coordinate	unresolved						no	no	no	no	no	no			no	56.560	low	low_confidence_prediction_do_not_use_fixed_geometry	target_region_low_confidence_geometry_should_not_be_overinterpreted		pan_species_NKG2A_vs_NKG2C_difference	high_sequence_interest	sequence_candidate_only_experimental_geometry_unavailable	no_experimental_coordinates;AlphaFold_94_112_low_confidence_high_PAE
13	105	S	S	no	not_discriminatory	105	S	F	S	yes	no	no	not_discriminatory	105	S	F	yes	unresolved_sequence_discriminator	no_experimental_coordinate	unresolved						no	no	no	no	no	within_sequon	103:NSS		no	51.750	low	low_confidence_prediction_do_not_use_fixed_geometry	target_region_low_confidence_geometry_should_not_be_overinterpreted		rhesus_isoform_dependent_difference	caution_rhesus_isoform_variability	sequence_candidate_only_experimental_geometry_unavailable	no_experimental_coordinates;AlphaFold_94_112_low_confidence_high_PAE
14	106	L	P	yes	unresolved_sequence_discriminator	106	L	P	P	yes	yes	yes	unresolved_sequence_discriminator	106	L	P	yes	unresolved_sequence_discriminator	no_experimental_coordinate	unresolved						no	no	no	no	no	no			no	52.940	low	low_confidence_prediction_do_not_use_fixed_geometry	target_region_low_confidence_geometry_should_not_be_overinterpreted		pan_species_NKG2A_vs_NKG2C_difference	high_sequence_interest	sequence_candidate_only_experimental_geometry_unavailable	no_experimental_coordinates;AlphaFold_94_112_low_confidence_high_PAE
18	110	T	T	no	not_discriminatory	110	T	T	T	no	no	no	not_discriminatory	110	S	T	yes	unresolved_sequence_discriminator	no_experimental_coordinate	unresolved						no	no	no	no	no	no			no	44.560	very_low	very_low_confidence_prediction_do_not_use_fixed_geometry	target_region_low_confidence_geometry_should_not_be_overinterpreted		pigtail_specific_difference	pigtail_specific_interest	sequence_candidate_only_experimental_geometry_unavailable	no_experimental_coordinates;AlphaFold_94_112_low_confidence_high_PAE
133	225	I	M	yes	tier_5_buried	225	K	K	K	no	no	no	not_discriminatory	225	K	V	yes	tier_5_buried	resolved_buried	resolved	19.322	0.0981	buried	0.1042	1.208	no	no	no	no	no	no			no	98.310	very_high	very_high_prediction	target_region_low_confidence_geometry_should_not_be_overinterpreted	footprint_1,footprint_2,footprint_3,footprint_4,footprint_7,footprint_9	human_pigtail_shared_difference	pigtail_specific_interest	experimental_3CDG_human_geometry	direct_human_3CDG
84	176	G	G	no	not_discriminatory	176	D	D	D	no	no	no	not_discriminatory	176	D	G	yes	tier_5_buried	resolved_buried	resolved	8.844	0.0850	buried	0.0850	0.000	no	no	no	no	no	no			no	98.120	very_high	very_high_prediction	target_region_low_confidence_geometry_should_not_be_overinterpreted	footprint_12	pigtail_specific_difference	pigtail_specific_interest	experimental_3CDG_human_geometry	direct_human_3CDG
