species	core_id	source_region_id	core_type	center_residue	center_label	local_distance_cutoff_A	maximum_center_to_member_distance_A	known_pairwise_core_diameter_A	residue_count	residue_labels	within_species_comparisons	resolved_residue_count	unresolved_residue_count	exposed_noninterface_count	exposed_interface_count	partially_exposed_noninterface_count	partially_exposed_interface_count	interface_residue_count	CD94_contact_residue_count	HLA_E_contact_residue_count	peptide_contact_residue_count	B2M_contact_residue_count	buried_residue_count	mean_complex_rsa	mean_alphafold_plddt	glycosylation_context	glycosylation_sequons	geometry_evidence_basis	core_priority	interpretation
pigtail	PC1	P2	resolved_local_core	113	113A	8.0	4.810	4.810	2	113A,121K	113A>V|121K>E	2	0	2	0	0	0	0	0	0	0	0	0	0.7706	68.435	none_detected_near_core		human_3CDG_homologous_position_geometry;not_direct_macaque_structure	priority_compact_exposed_noninterface_core	113A,121K is a compact local discriminatory surface containing multiple exposed non-interface positions and is a strong within-species NKG2A-specific antibody core candidate.
pigtail	PC2	P3	resolved_local_site	148	148T	8.0	0.000	0.000	1	148T	148T>A	1	0	1	0	0	0	0	0	0	0	0	0	0.4741	97.880	nearby_canonical_N_glycosylation_sequon	151NSS	human_3CDG_homologous_position_geometry;not_direct_macaque_structure	priority_exposed_noninterface_single_site	148T contains an exposed non-interface discriminatory position in a compact local neighborhood and remains a favorable within-species specificity core.
pigtail	PC3	P4	sequence_defined_unresolved						10	95S,96T,97L,98T,99Q,100K,101H,105S,106L,110S	95S>-|96T>-|97L>-|98T>F|99Q>L|100K>E|101H>Q|105S>F|106L>P|110S>T	0	10	0	0	0	0	0	0	0	0	0	0		59.212	overlapping_canonical_N_glycosylation_sequon	102NNS,103NSS	sequence_defined_only;no_experimental_fixed_geometry	priority_sequence_defined_unresolved_core	95S,96T,97L,98T,99Q,100K,101H,105S,106L,110S is retained as a pigtail NKG2A-vs-NKG2C sequence-defined specificity core corresponding to the experimentally unresolved N-terminal region in human NKG2A. No direct macaque structural geometry is inferred.
pigtail	PC4	P1	resolved_local_core	217	217F	8.0	7.844	16.624	7	206R,213V,214R,217F,219D,220E,225K	206R>H|213V>A|214R>H|217F>K|219D>N|220E>Q|225K>V	7	0	3	0	2	1	1	0	1	0	0	1	0.2309	95.784	none_detected_near_core		human_3CDG_homologous_position_geometry;not_direct_macaque_structure	secondary_mixed_interface_core	206R,213V,214R,217F,219D,220E,225K combines accessible discriminatory residue(s) with receptor/ligand-interface involvement. It is a plausible local core but has greater mechanism-dependent liability.
pigtail	PC5	P1	resolved_local_core	171	171S	8.0	7.808	12.296	4	171S,213V,214R,225K	171S>P|213V>A|214R>H|225K>V	4	0	2	0	0	1	1	1	1	1	0	1	0.2548	95.045	none_detected_near_core		human_3CDG_homologous_position_geometry;not_direct_macaque_structure	secondary_mixed_interface_core	171S,213V,214R,225K combines accessible discriminatory residue(s) with receptor/ligand-interface involvement. It is a plausible local core but has greater mechanism-dependent liability.
pigtail	PC6	P1	resolved_local_core	213	213V	8.0	7.844	9.441	4	171S,213V,214R,217F	171S>P|213V>A|214R>H|217F>K	4	0	2	0	0	2	2	1	2	1	0	0	0.2668	94.498	none_detected_near_core		human_3CDG_homologous_position_geometry;not_direct_macaque_structure	secondary_mixed_interface_core	171S,213V,214R,217F combines accessible discriminatory residue(s) with receptor/ligand-interface involvement. It is a plausible local core but has greater mechanism-dependent liability.
pigtail	PC7	P1	resolved_local_core	219	219D	8.0	6.800	13.510	6	202G,206R,217F,219D,220E,225K	202G>D|206R>H|217F>K|219D>N|220E>Q|225K>V	6	0	1	0	3	1	1	0	1	0	0	1	0.1811	93.623	none_detected_near_core		human_3CDG_homologous_position_geometry;not_direct_macaque_structure	secondary_mixed_interface_core	202G,206R,217F,219D,220E,225K combines accessible discriminatory residue(s) with receptor/ligand-interface involvement. It is a plausible local core but has greater mechanism-dependent liability.
pigtail	PC8	P1	resolved_local_core	206	206R	8.0	6.254	8.865	5	202G,206R,217F,219D,220E	202G>D|206R>H|217F>K|219D>N|220E>Q	5	0	1	0	3	1	1	0	1	0	0	0	0.1977	92.686	none_detected_near_core		human_3CDG_homologous_position_geometry;not_direct_macaque_structure	secondary_mixed_interface_core	202G,206R,217F,219D,220E combines accessible discriminatory residue(s) with receptor/ligand-interface involvement. It is a plausible local core but has greater mechanism-dependent liability.
pigtail	PC9	P1	resolved_local_core	224	224S	8.0	5.596	5.596	3	220E,224S,225K	220E>Q|224S>T|225K>V	3	0	1	1	0	0	1	0	1	0	0	1	0.2268	97.877	none_detected_near_core		human_3CDG_homologous_position_geometry;not_direct_macaque_structure	secondary_mixed_interface_core	220E,224S,225K combines accessible discriminatory residue(s) with receptor/ligand-interface involvement. It is a plausible local core but has greater mechanism-dependent liability.
pigtail	PC10	P1	resolved_local_core	220	220E	8.0	7.437	10.766	6	206R,217F,219D,220E,224S,225K	206R>H|217F>K|219D>N|220E>Q|224S>T|225K>V	6	0	1	1	2	1	2	0	2	0	0	1	0.1865	97.062	none_detected_near_core		human_3CDG_homologous_position_geometry;not_direct_macaque_structure	secondary_mixed_interface_core	206R,217F,219D,220E,224S,225K combines accessible discriminatory residue(s) with receptor/ligand-interface involvement. It is a plausible local core but has greater mechanism-dependent liability.
pigtail	PC11	P1	resolved_local_core	225	225K	8.0	7.808	14.579	6	171S,217F,219D,220E,224S,225K	171S>P|217F>K|219D>N|220E>Q|224S>T|225K>V	6	0	1	1	1	2	3	1	3	1	0	1	0.1803	97.020	none_detected_near_core		human_3CDG_homologous_position_geometry;not_direct_macaque_structure	secondary_mixed_interface_core	171S,217F,219D,220E,224S,225K combines accessible discriminatory residue(s) with receptor/ligand-interface involvement. It is a plausible local core but has greater mechanism-dependent liability.
pigtail	PC12	P1	resolved_local_core	202	202G	8.0	6.800	6.800	3	202G,206R,219D	202G>D|206R>H|219D>N	3	0	0	0	3	0	0	0	0	0	0	0	0.1804	90.143	none_detected_near_core		human_3CDG_homologous_position_geometry;not_direct_macaque_structure	secondary_partially_exposed_noninterface_core	202G,206R,219D is a compact within-species NKG2A-vs-NKG2C discriminatory neighborhood with intermediate structural evidence.
pigtail	PC13	P1	resolved_local_site	176	176D	8.0	0.000	0.000	1	176D	176D>G	1	0	0	0	0	0	0	0	0	0	0	1	0.0850	98.120	none_detected_near_core		human_3CDG_homologous_position_geometry;not_direct_macaque_structure	low_priority_buried_core	176D is discriminatory but buried in the human 3CDG structural context and is a low-priority standalone antibody-accessible core.
